wc,date,home_team,away_team,home_score,away_score,neutral,actual,p_home,p_draw,p_away,lambda_home,lambda_away,home_elo,away_elo,elo_diff,home_conf,away_conf,stage,p_actual,log_loss,brier,predicted,correct
2010,2010-06-11,South Africa,Mexico,1,1,False,draw,0.4479667038541237,0.2866160587535989,0.2654172373922774,1.32330954087344,0.9530858129742001,1676.6029803837823,1962.0174788936295,-285.41449850984714,CAF,CONCACAF,,0.2866160587535989,1.2496117332192094,0.7800371252951255,home,0
2010,2010-06-11,Uruguay,France,0,0,True,draw,0.3161550624831584,0.2813278055809019,0.40251713193593985,1.120845482959073,1.299784234213905,1869.1243964797159,1882.315230886409,-13.190834406693057,CONMEBOL,UEFA,,0.2813278055809019,1.2682347216564385,0.7784637880668266,away,0
2010,2010-06-12,Argentina,Nigeria,1,0,True,home,0.6035283161414057,0.23378865819553482,0.1626830256630595,1.7934354752461277,0.8125703696393314,1931.6019659119784,1808.656979983639,122.94498592833929,CONMEBOL,OTHER,,0.6035283161414057,0.5049623196754843,0.23831269964142546,home,1
2010,2010-06-12,England,United States,1,1,True,draw,0.5759906378823727,0.24469823189570042,0.179311130221927,1.7038756481008888,0.8381574081194112,2021.5837687319893,1835.788283600641,185.7954851313482,UEFA,CONCACAF,,0.24469823189570042,1.4077295341595324,0.9343984572510886,home,0
2010,2010-06-12,South Korea,Greece,2,0,True,home,0.50924161743565,0.267645463554784,0.22311291900956595,1.5057689171933961,0.9052446841756886,1838.8722248092618,1753.999058882418,84.87316592684374,AFC,OTHER,,0.50924161743565,0.6748326846181611,0.36225725884760124,home,1
2010,2010-06-13,Algeria,Slovenia,0,1,True,away,0.4487903330885658,0.27989203691785614,0.271317629993578,1.3705275017886562,1.0041477001467125,1636.9553819403095,1701.1942972264706,-64.23891528616105,CAF,OTHER,,0.271317629993578,1.3044650780390554,0.8107303117619484,home,0
2010,2010-06-13,Germany,Australia,4,0,True,home,0.4940173931144608,0.2715202314637257,0.2344623754218135,1.4685003095881042,0.9268615549761496,1976.1630898471217,1853.7866243555163,122.37646549160536,UEFA,AFC,,0.4940173931144608,0.7051845536803012,0.3847142400532407,home,1
2010,2010-06-13,Serbia,Ghana,0,1,True,away,0.2881905489425141,0.2837459217768246,0.4280635292806613,1.0328341824860143,1.3197776098491878,1866.7296275003866,1774.6179186700026,92.11170883038403,OTHER,CAF,,0.4280635292806613,0.8484836615166715,0.4906768671636603,away,1
2010,2010-06-14,Italy,Paraguay,1,1,True,draw,0.23256532854529638,0.26458591594967673,0.5028487555050268,0.9554190683964027,1.52914977935499,1960.2620984661128,1800.0652948253808,160.196803640732,OTHER,CONMEBOL,,0.26458591594967673,1.3295892564213398,0.8477773779739118,away,0
2010,2010-06-14,Japan,Cameroon,1,0,True,home,0.47667001802735,0.2753356426552295,0.2479943393174205,1.4285146130649613,0.953852884319235,1768.8755920809522,1783.5194634089714,-14.643871328019259,AFC,OTHER,,0.47667001802735,0.7409308135944016,0.4111851784813463,home,1
2010,2010-06-14,Netherlands,Denmark,2,0,True,home,0.65521412132748,0.21035320777917949,0.13443267089334054,1.9898819609595484,0.7772992922021064,2061.3280729113058,1783.9279066626711,277.4001662486346,UEFA,OTHER,,0.65521412132748,0.42279319397791437,0.1811979171584895,home,1
2010,2010-06-15,Brazil,North Korea,2,1,True,home,0.6789506601420955,0.20121365436649336,0.1198356854914111,2.0524810444524872,0.7329569279425208,2129.8906294430567,1627.461360855843,502.42926858721376,CONMEBOL,OTHER,,0.6789506601420955,0.38720681953926345,0.1579202048439113,home,1
2010,2010-06-15,Ivory Coast,Portugal,0,0,True,draw,0.23124684702632697,0.2707531158579407,0.49800003711573226,0.9193335806195648,1.4764567766977017,1826.4613597897278,1897.4595875987761,-70.99822780904833,CAF,UEFA,,0.2707531158579407,1.3065478849200147,0.8332801592577902,away,0
2010,2010-06-15,New Zealand,Slovakia,1,1,True,draw,0.36612921443899643,0.2511675139346291,0.3827032716263745,1.463355392275096,1.5008388326713107,1688.1992669279252,1687.8289780675957,0.3702888603295378,OFC,OTHER,,0.2511675139346291,1.3816351762597414,0.8412624879660913,away,0
2010,2010-06-16,Honduras,Chile,0,1,True,away,0.33625527417361134,0.27731636074830934,0.38642836507807926,1.1948036948451033,1.3000261761929923,1777.967868165684,1913.6469903344873,-135.67912216880336,OTHER,OTHER,,0.38642836507807926,0.950808770750891,0.5664421245290157,away,1
2010,2010-06-16,South Africa,Uruguay,0,3,False,away,0.33618176746877043,0.2933238005438101,0.37049443198741955,1.1007877606057612,1.169881572595253,1676.6029803837823,1869.1243964797159,-192.52141609593355,CAF,CONMEBOL,,0.37049443198741955,0.9929168627329589,0.595334292902733,away,1
2010,2010-06-16,Spain,Switzerland,0,1,True,away,0.4448839289535712,0.27210575270249737,0.2830103183439314,1.4241650805223962,1.0824269229210093,2142.1386336189394,1779.7396594849333,362.39897413400604,UEFA,UEFA,,0.2830103183439314,1.2622719214243072,0.7860374544962294,home,0
2010,2010-06-17,Argentina,South Korea,4,1,True,home,0.4510762084635745,0.2848920938013093,0.2640316977351163,1.3380451590961306,0.9572426505109896,1931.6019659119784,1838.8722248092618,92.72974110271662,CONMEBOL,AFC,,0.4510762084635745,0.7961189771167653,0.45219357143410704,home,1
2010,2010-06-17,France,Mexico,0,2,True,away,0.5153740135594573,0.2630170339352014,0.2216089525053412,1.5462749412306076,0.9227376671351986,1882.315230886409,1962.0174788936295,-79.70224800722053,UEFA,CONCACAF,,0.2216089525053412,1.5068409255327078,0.9406809568122869,home,0
2010,2010-06-17,Greece,Nigeria,2,1,True,home,0.3459096730639065,0.2778326617562154,0.37625766517987824,1.2139545995328873,1.2775437814617725,1753.999058882418,1808.656979983639,-54.65792110122106,OTHER,OTHER,,0.3459096730639065,1.06157759851558,0.6465949743365226,away,0
2010,2010-06-18,England,Algeria,0,0,True,draw,0.5710638054393234,0.24911413959642995,0.17982205496424666,1.6631437499888166,0.8190474220749216,2021.5837687319893,1636.9553819403095,384.62838679167976,UEFA,CAF,,0.24911413959642995,1.3898440955933917,0.9222794166884156,home,0
2010,2010-06-18,Germany,Serbia,0,1,True,away,0.62150955910469,0.22406854632680998,0.15442189456850014,1.8816006375114576,0.8195823617725775,1976.1630898471217,1866.7296275003866,109.43346234673504,UEFA,OTHER,,0.15442189456850014,1.868066847244596,1.1514831778966408,home,0
2010,2010-06-18,Slovenia,United States,2,2,True,draw,0.25847674831188416,0.2728619643639895,0.4686612873241264,1.0010288663976348,1.4413299113873923,1701.1942972264706,1835.788283600641,-134.59398637417053,OTHER,CONCACAF,,0.2728619643639895,1.2987892367089546,0.8151833545227885,away,0
2010,2010-06-19,Cameroon,Denmark,1,2,True,away,0.3682249009213124,0.27803894634979687,0.35373615272889086,1.2603644286549776,1.2300156981506891,1783.5194634089714,1783.9279066626711,-0.40844325369971557,OTHER,OTHER,,0.35373615272889086,1.0392039750201287,0.630552193635471,home,0
2010,2010-06-19,Ghana,Australia,1,1,True,draw,0.3162518725585206,0.2982734380754464,0.3854746893660331,1.030222763044292,1.1678016206392203,1774.6179186700026,1853.7866243555163,-79.16870568551371,CAF,AFC,,0.2982734380754464,1.2097446357591823,0.7410261507490649,away,0
2010,2010-06-19,Netherlands,Japan,1,0,True,home,0.508514547982849,0.26801104402097564,0.22347440799617532,1.502552458503721,0.9047846764892062,2061.3280729113058,1768.8755920809522,292.4524808303536,UEFA,AFC,,0.508514547982849,0.676261454300313,0.3633286802909576,home,1
2010,2010-06-20,Brazil,Ivory Coast,3,1,True,home,0.5080727626798424,0.2721312053201944,0.21979603199996314,1.4694755668606678,0.8719342582985882,2129.8906294430567,1826.4613597897278,303.4292696533289,CONMEBOL,CAF,,0.5080727626798424,0.677130608038874,0.36435809540939335,home,1
2010,2010-06-20,Italy,New Zealand,1,1,True,draw,0.4582240414149575,0.24587090335122405,0.29590505523381855,1.6746312618354404,1.3047420480241736,1960.2620984661128,1688.1992669279252,272.06283153818754,OTHER,OFC,,0.24587090335122405,1.4029486639217374,0.8662397682558847,home,0
2010,2010-06-20,Slovakia,Paraguay,0,2,True,away,0.17803341271774994,0.2416239033992605,0.5803426838829896,0.8476910124543486,1.7323927991760923,1687.8289780675957,1800.0652948253808,-112.23631675778506,OTHER,CONMEBOL,,0.5803426838829896,0.5441365156345093,0.26619026970835624,away,1
2010,2010-06-21,Chile,Switzerland,1,0,True,home,0.19075394316100766,0.24309830193159837,0.5661477549073941,0.8989310644827977,1.7271943822293139,1913.6469903344873,1779.7396594849333,133.907330849554,OTHER,UEFA,,0.19075394316100766,1.6567709371517676,1.034499245298167,away,0
2010,2010-06-21,Portugal,North Korea,7,0,True,home,0.6885514974032074,0.19447238223460506,0.11697612036218742,2.1241228733862627,0.7502840673255892,1897.4595875987761,1627.461360855843,269.9982267429332,UEFA,OTHER,,0.6885514974032074,0.37316516709172787,0.1485030899567756,home,1
2010,2010-06-21,Spain,Honduras,2,0,True,home,0.6762473181814582,0.2013704502925772,0.12238223152596457,2.059046144593617,0.7489863238393191,2142.1386336189394,1777.967868165684,364.1707654532554,UEFA,OTHER,,0.6762473181814582,0.3911964145498886,0.16034326782900804,home,1
2010,2010-06-22,Greece,Argentina,0,2,True,away,0.15399323129678794,0.22839831866446694,0.6176084500387451,0.7947854161441774,1.835520593291206,1753.999058882418,1931.6019659119784,-177.60290702956036,OTHER,CONMEBOL,,0.6176084500387451,0.48190059830761556,0.22210300473575234,away,1
2010,2010-06-22,Mexico,Uruguay,0,1,True,away,0.2565598484744759,0.278115626468273,0.46532452505725125,0.9676211950883638,1.3989786336201822,1962.0174788936295,1869.1243964797159,92.89308241391359,CONCACAF,CONMEBOL,,0.46532452505725125,0.7650202134671458,0.4290491210403399,away,1
2010,2010-06-22,Nigeria,South Korea,2,2,True,draw,0.23485632767660153,0.2716063548001759,0.4935373175232226,0.9278116910596044,1.4675809225327627,1808.656979983639,1838.8722248092618,-30.215244825622676,OTHER,AFC,,0.2716063548001759,1.3034014859270753,0.8292938808052447,away,0
2010,2010-06-22,South Africa,France,2,1,False,home,0.29826366126020215,0.2855549344080275,0.4161814043317703,1.05068196312635,1.2918816462678975,1676.6029803837823,1882.315230886409,-205.7122505026266,CAF,UEFA,,0.29826366126020215,1.2097774143248607,0.7471824709842738,away,0
2010,2010-06-23,Australia,Serbia,2,1,True,home,0.46629384575963495,0.27737285104722864,0.25633330319313635,1.4052551562988884,0.9706496962422153,1853.7866243555163,1866.7296275003866,-12.943003144870318,AFC,OTHER,,0.46629384575963495,0.7629392732827607,0.42748471989801273,home,1
2010,2010-06-23,Ghana,Germany,0,1,True,away,0.20784119626814335,0.26209655187644104,0.5300622518554157,0.8742335945813152,1.5558763100631523,1774.6179186700026,1976.1630898471217,-201.54517117711907,CAF,UEFA,,0.5300622518554157,0.6347608230024513,0.3327340525028956,away,1
2010,2010-06-23,Slovenia,England,0,1,True,away,0.11700470920100974,0.1966024365717951,0.6863928542271951,0.7386484810808532,2.097910394090556,1701.1942972264706,2021.5837687319893,-320.3894715055187,OTHER,UEFA,,0.6863928542271951,0.3763051413707399,0.15069206192094486,away,1
2010,2010-06-23,United States,Algeria,1,0,True,home,0.3653712658011767,0.2947786377522627,0.3398500964465606,1.1520897994021173,1.1008743714892288,1835.788283600641,1636.9553819403095,198.83290166033157,CONCACAF,CAF,,0.3653712658011767,1.0068412757844747,0.605146163600617,home,1
2010,2010-06-24,Cameroon,Netherlands,1,2,True,away,0.1387927932135991,0.21361230603962078,0.6475949007467801,0.786199807711051,1.9639702413795757,1783.5194634089714,2061.3280729113058,-277.8086095023343,OTHER,UEFA,,0.6475949007467801,0.434489931288132,0.1890830107192693,away,1
2010,2010-06-24,Denmark,Japan,1,3,True,away,0.24210968935696328,0.2735481338040218,0.48434217683901487,0.9431101616655524,1.4472761703845503,1783.9279066626711,1768.8755920809522,15.052314581718974,OTHER,AFC,,0.48434217683901487,0.7249636451158651,0.39934867377531413,away,1
2010,2010-06-24,Paraguay,New Zealand,0,0,True,draw,0.6219592055556702,0.20917406869852556,0.1688667257458043,2.0860776736211917,0.9952383681927511,1800.0652948253808,1688.1992669279252,111.86602789745552,CONMEBOL,OFC,,0.20917406869852556,1.564588509070333,1.0407548780583937,home,0
2010,2010-06-24,Slovakia,Italy,3,2,True,home,0.29667731921040186,0.2740222621271399,0.4293004186624582,1.111354820929549,1.3906488410106355,1687.8289780675957,1960.2620984661128,-272.4331203985171,OTHER,OTHER,,0.29667731921040186,1.2151101981179255,0.7540498429181037,away,0
2010,2010-06-25,Chile,Spain,1,2,True,away,0.13009617569065224,0.20736456847452966,0.6625392558348181,0.7664193978885837,2.0123433059423474,1913.6469903344873,2142.1386336189394,-228.49164328445204,OTHER,UEFA,,0.6625392558348181,0.41167546878692257,0.1738048330404793,away,1
2010,2010-06-25,North Korea,Ivory Coast,0,3,True,away,0.20652809771396174,0.2586049218635507,0.5348669804224876,0.8860977603981924,1.586558150020362,1627.461360855843,1826.4613597897278,-198.99999893388485,OTHER,CAF,,0.5348669804224876,0.6257371977251902,0.32587908665869547,away,1
2010,2010-06-25,Portugal,Brazil,0,0,True,draw,0.338868349361289,0.28306082635426416,0.37807082428444677,1.1653712325602585,1.2463773383718582,1897.4595875987761,2129.8906294430567,-232.43104184428057,UEFA,CONMEBOL,,0.28306082635426416,1.2620934703199194,0.7717710850817961,away,0
2010,2010-06-25,Switzerland,Honduras,0,0,True,draw,0.5929421428940052,0.2341853077116028,0.17287254939439212,1.8017287638279411,0.8616871158585229,1779.7396594849333,1777.967868165684,1.7717913192493597,UEFA,OTHER,,0.2341853077116028,1.451642563724878,0.9679374460786239,home,0
2010,2010-06-26,Uruguay,South Korea,2,1,True,home,0.4216215629641008,0.2891425889041864,0.28923584813171277,1.2760048538272597,1.0079428504597843,1869.1243964797159,1838.8722248092618,30.252171670454118,CONMEBOL,AFC,,0.4216215629641008,0.8636471375123498,0.5017824289907762,home,1
2010,2010-06-26,United States,Ghana,1,2,True,away,0.3309274096904787,0.29472072724521,0.37435186306431123,1.081732562104094,1.1688570464952988,1835.788283600641,1774.6179186700026,61.17036493063847,CONCACAF,CAF,,0.37435186306431123,0.9825591135198807,0.5878088488034938,away,1
2010,2010-06-27,Argentina,Mexico,3,1,True,home,0.49558462124191055,0.2718089497181489,0.2326064290399406,1.466993225565214,0.9189522019160002,1931.6019659119784,1962.0174788936295,-30.41551298165109,CONMEBOL,CONCACAF,,0.49558462124191055,0.702017160293938,0.3824207303052629,home,1
2010,2010-06-27,Germany,England,4,1,True,home,0.3449626995674079,0.2785825841021487,0.3764547163304433,1.2069986714198029,1.2728521166755065,1976.1630898471217,2021.5837687319893,-45.420678884867584,UEFA,UEFA,,0.3449626995674079,1.0643189849917818,0.6484002745704833,away,0
2010,2010-06-28,Brazil,Chile,3,0,True,home,0.624159193186976,0.22581900198521465,0.15002180482780933,1.8554722587292602,0.7865334583763789,2129.8906294430567,1913.6469903344873,216.24363910856937,CONMEBOL,OTHER,,0.624159193186976,0.4713498258627702,0.21475707564725652,home,1
2010,2010-06-28,Netherlands,Slovakia,2,1,True,home,0.6648731202912963,0.20622304462655902,0.12890383508214473,2.022147891486816,0.7650336140434502,2061.3280729113058,1687.8289780675957,373.49909484371005,UEFA,OTHER,,0.6648731202912963,0.4081590530847027,0.17145416833722446,home,1
2010,2010-06-29,Paraguay,Japan,0,0,True,draw,0.41797327766161857,0.2893354231110399,0.2926912992273416,1.2699184106006924,1.0162243027679212,1800.0652948253808,1768.8755920809522,31.189702744428587,CONMEBOL,AFC,,0.2893354231110399,1.2401686302819717,0.7654139983273504,home,0
2010,2010-06-29,Spain,Portugal,1,0,True,home,0.41329658648822004,0.27629246896321186,0.3104109445485682,1.351556385626217,1.1357338309208587,2142.1386336189394,1897.4595875987761,244.67904602016324,UEFA,UEFA,,0.41329658648822004,0.8835898166608608,0.5169133783276962,home,1
2010,2010-07-02,Netherlands,Brazil,2,1,True,home,0.3623126609187905,0.2833809640897984,0.35430637499141115,1.213848332536482,1.1973108914711577,2061.3280729113058,2129.8906294430567,-68.56255653175094,UEFA,CONMEBOL,,0.3623126609187905,1.0152477357386498,0.6124829205924915,home,1
2010,2010-07-02,Uruguay,Ghana,1,1,True,draw,0.46923647874555285,0.2808974761557864,0.24986604509866067,1.3820977951100808,0.9327223998617054,1869.1243964797159,1774.6179186700026,94.50647780971326,CONMEBOL,CAF,,0.2808974761557864,1.269765529761764,0.7997243532778894,home,0
2010,2010-07-03,Argentina,Germany,0,4,True,away,0.3311698815506381,0.2826940348791992,0.3861360835701627,1.1496734571100429,1.263310042791826,1931.6019659119784,1976.1630898471217,-44.561123935143314,CONMEBOL,UEFA,,0.3861360835701627,0.9515654235385588,0.5664183156971239,away,1
2010,2010-07-03,Paraguay,Spain,0,1,True,away,0.25882518968100704,0.2720181335292697,0.46915667678972334,1.0066990258996782,1.4483019682775689,1800.0652948253808,2142.1386336189394,-342.0733387935586,CONMEBOL,UEFA,,0.46915667678972334,0.7568185006736328,0.42277897757908717,away,1
2010,2010-07-06,Uruguay,Netherlands,2,3,True,away,0.29336073609890095,0.27850937895740424,0.42812988494369486,1.0758993022119316,1.3562849386834868,1869.1243964797159,2061.3280729113058,-192.20367643158988,CONMEBOL,UEFA,,0.42812988494369486,0.8483286599432794,0.49066342414623965,away,1
2010,2010-07-07,Germany,Spain,0,1,True,away,0.32077741739063315,0.277273375092297,0.4019492075170699,1.1568700862362993,1.3269084924976742,1976.1630898471217,2142.1386336189394,-165.97554377181768,UEFA,UEFA,,0.4019492075170699,0.9114295478059066,0.5374434264323389,away,1
2010,2010-07-10,Uruguay,Germany,2,3,True,away,0.30389108655277974,0.2799497494438878,0.4161591640033326,1.0967133044390387,1.3298013352679872,1869.1243964797159,1976.1630898471217,-107.03869336740581,CONMEBOL,UEFA,,0.4161591640033326,0.8766874861185582,0.511591776477212,away,1
2010,2010-07-11,Netherlands,Spain,0,1,True,away,0.33265958424989384,0.2780601090374795,0.3892803067126266,1.1814949179567074,1.2999791755388708,2061.3280729113058,2142.1386336189394,-80.81056070763361,UEFA,UEFA,,0.3892803067126266,0.9434556120500233,0.5609583670002707,away,1
2014,2014-06-12,Brazil,Croatia,3,1,False,home,0.5673733030260204,0.24323169885230825,0.18939499812167132,1.7251723325381654,0.8921088427762631,2165.331357077728,1844.0842845438901,321.24707253383804,CONMEBOL,UEFA,,0.5673733030260204,0.5667378091312926,0.28219798357470344,home,1
2014,2014-06-13,Chile,Australia,3,1,True,home,0.2927576956417592,0.2832288897984148,0.42401341455982605,1.0483443157833625,1.318171326954383,1959.7435000271125,1794.0238336271286,165.7196663999839,OTHER,AFC,,0.2927576956417592,1.2284099894313414,0.7601976568170801,away,0
2014,2014-06-13,Mexico,Cameroon,1,0,True,home,0.46651668118687406,0.27360819159949346,0.25987512721363254,1.43392671897733,1.0016916008242212,1894.1804842404986,1745.9105438481527,148.26994039234592,CONCACAF,OTHER,,0.46651668118687406,0.7624615011628268,0.4270009757065142,home,1
2014,2014-06-13,Spain,Netherlands,1,5,True,away,0.40638420138396886,0.27248896249735716,0.32112683611867393,1.3689062017963725,1.1880190050840855,2151.954017969661,2012.406714335379,139.5473036342819,UEFA,UEFA,,0.32112683611867393,1.1359191057991125,0.7002671264556142,home,0
2014,2014-06-14,Colombia,Greece,3,0,True,home,0.6249733639219852,0.22446087141945179,0.15056576465856303,1.870775116707698,0.7965363708880486,1962.773085527834,1852.021935611347,110.75114991648684,CONMEBOL,OTHER,,0.6249733639219852,0.47004624787872024,0.21369771005358917,home,1
2014,2014-06-14,England,Italy,1,2,True,away,0.6020958811299645,0.23056651372739764,0.16733760514263796,1.832677143539413,0.8532911941573276,1954.2596519762076,1922.2214135958686,32.03823838033895,UEFA,OTHER,,0.16733760514263796,1.787741919543506,1.1090070311356721,home,0
2014,2014-06-14,Ivory Coast,Japan,2,1,True,home,0.3499332332216642,0.29557284858846855,0.35449391818986714,1.1176750398451778,1.1268116691420447,1869.2546611654263,1853.0741561540715,16.180505011354853,CAF,AFC,,0.3499332332216642,1.0500129049199216,0.6356160481259452,away,0
2014,2014-06-14,Uruguay,Costa Rica,1,3,True,away,0.6511804714426679,0.21358896320114854,0.1352305653561837,1.9556945438249662,0.7651054292022408,1964.8601347191297,1779.702814195422,185.15732052370777,CONMEBOL,OTHER,,0.1352305653561837,2.0007740658047006,1.2174824266838224,home,0
2014,2014-06-15,Argentina,Bosnia and Herzegovina,2,1,True,home,0.4220153662365308,0.27484328887489323,0.30314134488857597,1.374839249704057,1.1247714902375276,2053.7277613128445,1818.90446222319,234.82329908965448,CONMEBOL,UEFA,,0.4220153662365308,0.8627135527262838,0.5014997452871142,home,1
2014,2014-06-15,France,Honduras,3,0,True,home,0.6732837090382904,0.20173513728748244,0.12498115367422712,2.063308081047442,0.764277768200868,1926.7047719619106,1748.9967777109825,177.7079942509281,UEFA,OTHER,,0.6732837090382904,0.39558847941901765,0.16306088916991665,home,1
2014,2014-06-15,Switzerland,Ecuador,2,1,True,home,0.38045749441771876,0.2775179415526307,0.3420245640296506,1.28778577165402,1.2071985553255569,1874.3141655961472,1880.136503874072,-5.822338277924928,UEFA,CONMEBOL,,0.38045749441771876,0.9663808177292883,0.5778299265064528,home,1
2014,2014-06-16,Germany,Portugal,4,0,True,home,0.3988573815040903,0.2730791189367072,0.32806349955920244,1.3521289331932163,1.2020639341708463,2101.9713931646907,1973.3135521912627,128.65784097342794,UEFA,UEFA,,0.3988573815040903,0.9191513658284923,0.5435703127143979,home,1
2014,2014-06-16,Ghana,United States,1,2,True,away,0.36834539025867,0.2914292108984415,0.34022539884288855,1.1769956741373762,1.1200966876788405,1804.6873102313593,1924.156306133562,-119.46899590220278,CAF,CONCACAF,,0.34022539884288855,1.078146943244905,0.6559118358217257,home,0
2014,2014-06-16,Iran,Nigeria,0,0,True,draw,0.4459714244360989,0.27985401509955604,0.27417456046434513,1.367946532534176,1.0130158713613082,1809.6848176795938,1815.3563453091822,-5.671527629588354,AFC,OTHER,,0.27985401509955604,1.2734871864203505,0.7926724405876103,home,0
2014,2014-06-17,Belgium,Algeria,2,1,True,home,0.5286321790697319,0.258853203288844,0.21251461764142426,1.5846135515192483,0.9088421767730961,1880.081162818693,1711.5161725173703,168.56499030132272,UEFA,CAF,,0.5286321790697319,0.6374624026343003,0.33435506617272565,home,1
2014,2014-06-17,Brazil,Mexico,0,0,False,draw,0.7039767236443699,0.19223761715580867,0.10378565919982144,2.0995351406925598,0.6691429425798312,2165.331357077728,1894.1804842404986,271.1508728372296,CONMEBOL,CONCACAF,,0.19223761715580867,1.6490230827836327,1.158834757626729,home,0
2014,2014-06-17,Russia,South Korea,1,1,True,draw,0.28545718255789126,0.28236375649918805,0.43217906094292063,1.0325771098642802,1.3344759999255662,1878.0754246503527,1750.1750253327707,127.90039931758201,OTHER,AFC,,0.28236375649918805,1.2645591226080029,0.7832663217773506,away,0
2014,2014-06-18,Australia,Netherlands,2,3,True,away,0.20996371366632077,0.2581737617825147,0.5318625245511646,0.9021429101285179,1.5907267211729506,1794.0238336271286,2012.406714335379,-218.38288070825047,AFC,UEFA,,0.5318625245511646,0.6313702355325663,0.3298911482490964,away,1
2014,2014-06-18,Cameroon,Croatia,0,4,True,away,0.15420457607377278,0.22230827234290926,0.6234871515833179,0.827995222530887,1.9003843156899178,1745.9105438481527,1844.0842845438901,-98.17374069573748,OTHER,UEFA,,0.6234871515833179,0.47242712099767875,0.21496194425702453,away,1
2014,2014-06-18,Spain,Chile,0,2,True,away,0.65648886288841,0.209261331312572,0.1342498057990179,2.002087392377769,0.7822020269027466,2151.954017969661,1959.7435000271125,192.21051794254845,UEFA,OTHER,,0.1342498057990179,2.0080529921564594,1.2242913306382657,home,0
2014,2014-06-19,Colombia,Ivory Coast,2,1,True,home,0.48864144511441876,0.27274205637115495,0.2386164985144263,1.4561999367513683,0.9353140551199001,1962.773085527834,1869.2546611654263,93.51842436240759,CONMEBOL,CAF,,0.48864144511441876,0.7161262995347897,0.3928136343315215,home,1
2014,2014-06-19,Japan,Greece,0,0,True,draw,0.48256171263115233,0.2732904732835468,0.24414781408530092,1.4482753386564706,0.9514029196940998,1853.0741561540715,1852.021935611347,1.052220542724399,AFC,OTHER,,0.2732904732835468,1.2972200447473414,0.8205806978405928,home,0
2014,2014-06-19,Uruguay,England,2,1,True,home,0.34981728067854057,0.27833063569789146,0.37185208362356803,1.2196363548007436,1.2657537275952675,1964.8601347191297,1954.2596519762076,10.600482742922168,CONMEBOL,UEFA,,0.34981728067854057,1.0503443160211114,0.6384794833674291,away,0
2014,2014-06-20,Honduras,Ecuador,1,2,True,away,0.15097492193879225,0.2239879659875331,0.6250371120736747,0.8012299884712029,1.8765031860389716,1748.9967777109825,1880.136503874072,-131.13972616308956,OTHER,CONMEBOL,,0.6250371120736747,0.4699442516907379,0.21356120328370665,away,1
2014,2014-06-20,Italy,Costa Rica,0,1,True,away,0.42574575580081664,0.27593193948368816,0.2983223047154952,1.3719253666289777,1.1048300364217971,1922.2214135958686,1779.702814195422,142.51859940044665,OTHER,OTHER,,0.2983223047154952,1.209580817492798,0.7497494718694127,home,0
2014,2014-06-20,Switzerland,France,2,5,True,away,0.3383987578604936,0.2734349947188447,0.38816624742066175,1.2252762710309024,1.3307519477488627,1874.3141655961472,1926.7047719619106,-52.39060636576346,UEFA,UEFA,,0.38816624742066175,0.9463215583934286,0.5636209564537346,away,1
2014,2014-06-21,Argentina,Iran,1,0,True,home,0.5484371852442638,0.2566573082114871,0.1949055065442491,1.602117541229319,0.8482169568331587,2053.7277613128445,1809.6848176795938,244.04294363325062,CONMEBOL,AFC,,0.5484371852442638,0.6006825268016095,0.30777010600975996,home,1
2014,2014-06-21,Germany,Ghana,2,2,True,draw,0.549505914531013,0.2529422332744674,0.1975518521945195,1.636390151037715,0.8775183961307461,2101.9713931646907,1804.6873102313593,297.2840829333313,UEFA,CAF,,0.2529422332744674,1.3745941433035795,0.8990787912349906,home,0
2014,2014-06-21,Nigeria,Bosnia and Herzegovina,1,0,True,home,0.17269503428080243,0.23281021113134653,0.5944947545878511,0.8683703864191347,1.8159139469698067,1815.3563453091822,1818.90446222319,-3.548116914007778,OTHER,UEFA,,0.17269503428080243,1.7562280476835266,1.092058113943134,away,0
2014,2014-06-22,Belgium,Russia,1,0,True,home,0.6055803850914117,0.22918540872037618,0.16523420618821213,1.844335452360041,0.8498803328818333,1880.081162818693,1878.0754246503527,2.005738168340258,UEFA,OTHER,,0.6055803850914117,0.5015679665984142,0.23539512708961363,home,1
2014,2014-06-22,South Korea,Algeria,2,4,True,away,0.3642519808231814,0.2949772846207416,0.3407707345560771,1.1489819651828534,1.101879730480453,1750.1750253327707,1711.5161725173703,38.65885281540045,AFC,CAF,,0.3407707345560771,1.0765453604957187,0.6542743283935715,home,0
2014,2014-06-22,United States,Portugal,2,2,True,draw,0.205923468709535,0.2531257144983215,0.5409508167921436,0.9117296784930162,1.6366916772407312,1924.156306133562,1973.3135521912627,-49.157246057700604,CONCACAF,UEFA,,0.2531257144983215,1.373869018415899,0.8928534594970969,away,0
2014,2014-06-23,Australia,Spain,0,3,True,away,0.18721824836514075,0.24854436865265161,0.5642373829822076,0.8548117132970869,1.6728660749511002,1794.0238336271286,2151.954017969661,-357.93018434253236,AFC,UEFA,,0.5642373829822076,0.5722802242217664,0.2867140341000519,away,1
2014,2014-06-23,Brazil,Cameroon,4,1,False,home,0.7914203679780636,0.14414852099528552,0.0644311110266509,2.516028857815515,0.588943602868212,2165.331357077728,1745.9105438481527,419.4208132295755,CONMEBOL,OTHER,,0.7914203679780636,0.23392601372051947,0.06843562706766329,home,1
2014,2014-06-23,Croatia,Mexico,1,3,True,away,0.5039255537596677,0.2629424607333771,0.23313198550695508,1.5437809233076254,0.9663541618633265,1844.0842845438901,1894.1804842404986,-50.09619969660844,UEFA,CONCACAF,,0.23313198550695508,1.4561505243918937,0.9111662530410163,home,0
2014,2014-06-23,Netherlands,Chile,2,0,True,home,0.6152172273874464,0.22549956357708645,0.15928320903546708,1.8745879485762165,0.8383694134907806,2012.406714335379,1959.7435000271125,52.66321430826656,UEFA,OTHER,,0.6152172273874464,0.48577985827730474,0.22427897595349686,home,1
2014,2014-06-24,Costa Rica,England,0,0,True,draw,0.12767852212255315,0.203826705817794,0.6684947720596529,0.7703672708814214,2.04682025416431,1779.702814195422,1954.2596519762076,-174.5568377807856,OTHER,UEFA,,0.203826705817794,1.5904851274369354,1.0970789796514322,away,0
2014,2014-06-24,Greece,Ivory Coast,2,1,True,home,0.24620016326866065,0.2732509185138374,0.4805489182175019,0.9585127176717059,1.4472650020686089,1852.021935611347,1869.2546611654263,-17.232725554079252,OTHER,CAF,,0.24620016326866065,1.4016104020774114,0.873807521124861,away,0
2014,2014-06-24,Italy,Uruguay,0,1,True,away,0.17538016241395982,0.23935546447095846,0.5852643731150818,0.8468296091769907,1.752394862403768,1922.2214135958686,1964.8601347191297,-42.63872112326112,OTHER,CONMEBOL,,0.5852643731150818,0.5356916139804624,0.26005487994808124,away,1
2014,2014-06-24,Japan,Colombia,1,4,True,away,0.24070173778404946,0.27396760739548454,0.48533065482046606,0.9363652350730688,1.4447837995357629,1853.0741561540715,1962.773085527834,-109.69892937376244,AFC,CONMEBOL,,0.48533065482046606,0.7229248578227196,0.3978801113417979,away,1
2014,2014-06-25,Bosnia and Herzegovina,Iran,3,1,True,home,0.491445246986417,0.26813312860305016,0.24042162441053283,1.4945152008678468,0.9650801610591706,1818.90446222319,1809.6848176795938,9.219644543596132,UEFA,AFC,,0.491445246986417,0.710404745424514,0.38832586895136556,home,1
2014,2014-06-25,Ecuador,France,0,0,True,draw,0.3181738743811399,0.27626244469864825,0.4055636809202119,1.1565111716315426,1.3400188798626946,1880.136503874072,1926.7047719619106,-46.56826808783853,CONMEBOL,UEFA,,0.27626244469864825,1.2864039784819463,0.7895125625738341,away,0
2014,2014-06-25,Honduras,Switzerland,0,3,True,away,0.13829058153172302,0.21135905980499714,0.6503503586632798,0.795529914901746,1.9884760763749951,1748.9967777109825,1874.3141655961472,-125.31738788516464,OTHER,UEFA,,0.6503503586632798,0.4302440479798357,0.18605180878893154,away,1
2014,2014-06-25,Nigeria,Argentina,2,3,True,away,0.1354863956582042,0.2143461617741975,0.6501674425675984,0.7627061549247235,1.9479626192532986,1815.3563453091822,2053.7277613128445,-238.37141600366226,OTHER,CONMEBOL,,0.6501674425675984,0.4305253453165034,0.18668365871547643,away,1
2014,2014-06-26,Algeria,Russia,1,1,True,draw,0.4210736786302509,0.28330011477122374,0.2956262065985254,1.313765222990824,1.0558087761076465,1711.5161725173703,1878.0754246503527,-166.55925213298246,CAF,OTHER,,0.28330011477122374,1.2612484670231794,0.7783566223499868,home,0
2014,2014-06-26,South Korea,Belgium,0,1,True,away,0.2211768040307157,0.2626414931896687,0.5161817027796157,0.9231241107381759,1.5498225533073402,1750.1750253327707,1880.081162818693,-129.90613748592227,AFC,UEFA,,0.5161817027796157,0.6612964383165183,0.3519798773113725,away,1
2014,2014-06-26,Portugal,Ghana,2,1,True,home,0.5206659458389019,0.2610588544941434,0.2182751996669547,1.564382760717577,0.9201025001320914,1973.3135521912627,1804.6873102313593,168.62624195990338,UEFA,CAF,,0.5206659458389019,0.6526466216839004,0.34555692377795777,home,1
2014,2014-06-26,United States,Germany,0,1,True,away,0.18153730953927746,0.24226248508366305,0.5762002053770595,0.860923499300947,1.729148364664194,1924.156306133562,2101.9713931646907,-177.81508703112854,CONCACAF,UEFA,,0.5762002053770595,0.5513000998981391,0.271253172356118,away,1
2014,2014-06-28,Brazil,Chile,1,1,False,draw,0.7720484778952158,0.15504105436571294,0.07291046773907127,2.419526247872232,0.6121078131719182,2165.331357077728,1959.7435000271125,205.58785705061564,CONMEBOL,OTHER,,0.15504105436571294,1.8640653302583614,1.3153304083336557,home,0
2014,2014-06-28,Colombia,Uruguay,2,0,True,home,0.3611367661232767,0.28280202973199314,0.35606120414473014,1.2152215117223328,1.2047213056967978,1962.773085527834,1964.8601347191297,-2.0870491912958187,CONMEBOL,CONMEBOL,,0.3611367661232767,1.0184985388690508,0.6149028007169551,home,1
2014,2014-06-29,Costa Rica,Greece,1,1,True,draw,0.3309252505893218,0.2786818477259791,0.39039290168469903,1.1735570457753166,1.2977865194188523,1779.702814195422,1852.021935611347,-72.31912141592511,OTHER,OTHER,,0.2786818477259791,1.2776844785638186,0.7822180159634121,away,0
2014,2014-06-29,Netherlands,Mexico,2,1,True,home,0.5412801250368133,0.25308841024794665,0.20563146471524,1.6369876912583416,0.9107089846319084,2012.406714335379,1894.1804842404986,118.22623009488052,UEFA,CONCACAF,,0.5412801250368133,0.6138183429476716,0.3167619663690095,home,1
2014,2014-06-30,France,Nigeria,2,0,True,home,0.6387257072011092,0.2164664899649513,0.14480780283393954,1.9460130833988232,0.8063989977967925,1926.7047719619106,1815.3563453091822,111.34842665272845,UEFA,OTHER,,0.6387257072011092,0.4482801699665347,0.19834615567667815,home,1
2014,2014-06-30,Germany,Algeria,2,1,True,home,0.5630632704944919,0.24861426313969975,0.1883224663658084,1.6727983464524838,0.8593493648047986,2101.9713931646907,1711.5161725173703,390.4552206473204,UEFA,CAF,,0.5630632704944919,0.5743632761718286,0.28818810876556644,home,1
2014,2014-07-01,Argentina,Switzerland,1,0,True,home,0.4056858092078369,0.2765532325551761,0.31776095823698686,1.3381324700439086,1.153650235314998,2053.7277613128445,1874.3141655961472,179.41359571669727,CONMEBOL,UEFA,,0.4056858092078369,0.9021762879177647,0.530663074393349,home,1
2014,2014-07-01,Belgium,United States,2,1,True,home,0.5242969115029151,0.2577978391634594,0.2179052493336256,1.5939700521369393,0.9356537252985299,1880.081162818693,1924.156306133562,-44.07514331486914,UEFA,CONCACAF,,0.5242969115029151,0.6456971301268649,0.34023585197016376,home,1
2014,2014-07-04,Brazil,Colombia,2,1,False,home,0.5471667720304274,0.2527964873399975,0.2000367406295751,1.6384412311932512,0.8887593598490678,2165.331357077728,1962.773085527834,202.55827154989424,CONMEBOL,CONMEBOL,,0.5471667720304274,0.6030016381461554,0.3089786939664883,home,1
2014,2014-07-04,France,Germany,0,1,True,away,0.32589375922849795,0.27301713863930943,0.4010891021321927,1.196942689096867,1.3563325495405867,1926.7047719619106,2101.9713931646907,-175.26662120278002,UEFA,UEFA,,0.4010891021321927,0.9135716765273896,0.5394393638797013,away,1
2014,2014-07-05,Argentina,Belgium,1,0,True,home,0.3927235720265819,0.2776773653404753,0.32959906263294286,1.3087701450956097,1.176567326270611,2053.7277613128445,1880.081162818693,173.64659849415148,CONMEBOL,UEFA,,0.3927235720265819,0.9346492936672118,0.5545249212830964,home,1
2014,2014-07-05,Netherlands,Costa Rica,0,0,True,draw,0.6694514761849351,0.20334135457164362,0.1272071692434214,2.0511404280813923,0.7699861519935483,2012.406714335379,1779.702814195422,232.7039001399571,UEFA,OTHER,,0.20334135457164362,1.5928691625479685,1.099011940208857,home,0
2014,2014-07-08,Brazil,Germany,1,7,False,away,0.507787577108089,0.2602094905431135,0.23200293234879757,1.569079006777951,0.9770013087511289,2165.331357077728,2101.9713931646907,63.35996391303752,CONMEBOL,UEFA,,0.23200293234879757,1.4610052679612318,0.9153766983548557,home,0
2014,2014-07-09,Netherlands,Argentina,0,0,True,draw,0.34598912073214516,0.27832420790546647,0.3756866713623884,1.211102738780102,1.2732512288285958,2012.406714335379,2053.7277613128445,-41.32104697746536,UEFA,CONMEBOL,,0.27832420790546647,1.278968629305247,0.7816648955996266,away,0
2014,2014-07-12,Brazil,Netherlands,0,3,False,away,0.5411229203372501,0.2512118340765441,0.2076652455862058,1.655119262937706,0.9292318330900307,2165.331357077728,2012.406714335379,152.92464274234908,CONMEBOL,UEFA,,0.2076652455862058,1.5718278919702888,0.9837157635463826,home,0
2014,2014-07-13,Germany,Argentina,1,0,True,home,0.37814676443691847,0.27850847685011065,0.3433447587129709,1.2766970810905858,1.2039094120496114,2101.9713931646907,2053.7277613128445,48.2436318518462,UEFA,CONMEBOL,,0.37814676443691847,0.9724728930120404,0.5821540415933101,home,1
2018,2018-06-14,Russia,Saudi Arabia,5,0,False,home,0.4165794820114732,0.2821142395082321,0.3013062784802947,1.3140360162378117,1.076224793317114,1733.373020146242,1689.7769361292844,43.59608401695755,OTHER,AFC,,0.4165794820114732,0.8756780024207711,0.5107534183949539,home,1
2018,2018-06-15,Egypt,Uruguay,0,1,True,away,0.23330266759751755,0.2718035594750224,0.4948937729274601,0.920191804427919,1.4652094488015504,1745.9822107514979,1937.0551405587526,-191.0729298072547,CAF,CONMEBOL,,0.4948937729274601,0.7034121395898982,0.3834396102788661,away,1
2018,2018-06-15,Morocco,Iran,0,1,True,away,0.35862176037032906,0.29412757241194126,0.3472506672177297,1.1415232853322512,1.118675165238011,1817.4583355217499,1881.9325746746674,-64.47423915291756,CAF,AFC,,0.3472506672177297,1.057708375916183,0.6412022873117545,home,0
2018,2018-06-15,Portugal,Spain,3,3,True,draw,0.33740585801618567,0.2734909702951388,0.3891031716886755,1.220903977175239,1.3303853141781943,2011.9701187599062,2087.2086711859165,-75.2385524260103,UEFA,UEFA,,0.2734909702951388,1.2964866730393847,0.7930593614845242,away,0
2018,2018-06-16,France,Australia,2,1,True,home,0.5446067296677621,0.2532031362517957,0.20219013408044215,1.6334380948561846,0.8943635545948792,2025.4265925284817,1827.462955948524,197.96363657995767,UEFA,AFC,,0.5446067296677621,0.6076913417351643,0.31237570919110325,home,1
2018,2018-06-16,Argentina,Iceland,1,1,True,draw,0.6669573396073859,0.2070702256547913,0.12597243473782285,2.0020070243330976,0.7407692838553461,2043.3812431933395,1821.1470558713163,222.23418732202322,CONMEBOL,OTHER,,0.2070702256547913,1.5746972888795476,1.0894387742130804,home,0
2018,2018-06-16,Peru,Denmark,0,1,True,away,0.3453793942543972,0.28035372835319,0.3742668773924129,1.19531733799063,1.255414977409943,2001.622741579221,1881.254075632943,120.36866594627782,OTHER,OTHER,,0.3742668773924129,0.9827861601263057,0.5894270797053102,away,1
2018,2018-06-16,Croatia,Nigeria,2,0,True,home,0.6409880525474715,0.21563144330547226,0.14338050414705616,1.9501944741948725,0.8012407563038033,1901.4086261579578,1732.9036115956897,168.50501456226812,UEFA,OTHER,,0.6409880525474715,0.4447444610066664,0.19594446672512217,home,1
2018,2018-06-17,Costa Rica,Serbia,0,1,True,away,0.33334574583429766,0.2798592394634836,0.3867950147022187,1.1705756861715986,1.2818478347228026,1848.1338231336947,1809.1724474293912,38.961375704303464,OTHER,OTHER,,0.3867950147022187,0.9498604040532259,0.5654609341729557,away,1
2018,2018-06-17,Germany,Mexico,0,1,True,away,0.5664595632534304,0.2445781154358046,0.18896232131076493,1.7098738887882539,0.8816006982502428,2111.36320903737,1922.7250253401705,188.63818369719934,UEFA,CONCACAF,,0.18896232131076493,1.6662076419410718,1.0384770076050196,home,0
2018,2018-06-17,Brazil,Switzerland,1,1,True,draw,0.42218945229866095,0.2746851065261996,0.30312544117513945,1.374591507910082,1.1241593035903477,2184.5107970889653,1930.6342637751438,253.87653331382148,CONMEBOL,UEFA,,0.2746851065261996,1.292129904583335,0.7962106614147767,home,0
2018,2018-06-18,Sweden,South Korea,1,0,True,home,0.4698792224284064,0.271289581837129,0.2588311957344647,1.453069408452127,1.0093540367210825,1831.6800202044074,1784.8162260898848,46.863794114522534,UEFA,AFC,,0.4698792224284064,0.7552795908579768,0.4216196639118081,home,1
2018,2018-06-18,Belgium,Panama,3,0,True,home,0.6251941441935795,0.22324929924131318,0.15155655656510722,1.8834855575734746,0.8069656845873365,1984.033257690863,1769.7243530230123,214.30890466785058,UEFA,CONCACAF,,0.6251941441935795,0.46969304677173845,0.2132890689963932,home,1
2018,2018-06-18,Tunisia,England,1,2,True,away,0.1988559465009533,0.2541695722985816,0.5469744812004652,0.8755086099319845,1.6237557224811734,1764.2867614593304,1985.5917951843617,-221.3050337250313,CAF,UEFA,,0.5469744812004652,0.603353129932749,0.30937797962482155,away,1
2018,2018-06-19,Colombia,Japan,1,2,True,away,0.5003634759578732,0.26841020090905104,0.23122632313307576,1.494808526188987,0.9296501058830811,1986.086969166956,1781.3223795317435,204.76458963521236,CONMEBOL,AFC,,0.23122632313307576,1.4643582942830173,0.9134206102681723,home,0
2018,2018-06-19,Poland,Senegal,1,2,True,away,0.24561159086112339,0.2747683919287996,0.479620017210077,0.9475458091389906,1.4333855798974062,1873.491327882218,1853.8863932867505,19.604934595467512,OTHER,CAF,,0.479620017210077,0.734761119397676,0.40661804925691075,away,1
2018,2018-06-19,Russia,Egypt,3,1,False,home,0.3616179829926322,0.2883677839120325,0.3500142330953353,1.1806205424129899,1.1569683612468622,1733.373020146242,1745.9822107514979,-12.60919060525589,OTHER,CAF,,0.3616179829926322,1.017166919973285,0.6131975418060476,home,1
2018,2018-06-20,Portugal,Morocco,1,0,True,home,0.5132853041048937,0.2637542819162722,0.22296041397883415,1.5379116781194855,0.9228310983240731,2011.9701187599062,1817.4583355217499,194.51178323815634,UEFA,CAF,,0.5132853041048937,0.666923440051928,0.3561688626310473,home,1
2018,2018-06-20,Uruguay,Saudi Arabia,1,0,True,home,0.5505786656454194,0.25418174623022244,0.19523958812435827,1.6226425219731304,0.8602677898822335,1937.0551405587526,1689.7769361292844,247.27820442946813,CONMEBOL,AFC,,0.5505786656454194,0.5967854344899712,0.30470639266066607,home,1
2018,2018-06-20,Iran,Spain,0,1,True,away,0.19930387355057289,0.2519337403678996,0.5487623860815276,0.8887206705513329,1.6444808662435562,1881.9325746746674,2087.2086711859165,-205.27609651124908,AFC,UEFA,,0.5487623860815276,0.6000897434005121,0.3068080277628593,away,1
2018,2018-06-21,Denmark,Australia,1,1,True,draw,0.27193493373884065,0.27813996160477655,0.4499251046563828,1.0139238538613977,1.3828554419621957,1881.254075632943,1827.462955948524,53.79111968441907,OTHER,AFC,,0.27813996160477655,1.2796308329744783,0.797463123019558,away,0
2018,2018-06-21,France,Peru,1,0,True,home,0.6654221756235958,0.20540584604356105,0.12917197833284316,2.030629701816971,0.7699711269724518,2025.4265925284817,2001.622741579221,23.803850949260777,UEFA,OTHER,,0.6654221756235958,0.4073335891968541,0.17081928213973957,home,1
2018,2018-06-21,Argentina,Croatia,0,3,True,away,0.3943181155604074,0.2771312264276309,0.3285506580119617,1.3136979384247418,1.1758498911082211,2043.3812431933395,1901.4086261579578,141.97261703538175,CONMEBOL,UEFA,,0.3285506580119617,1.1130642428645492,0.6831327117765632,home,0
2018,2018-06-22,Brazil,Costa Rica,2,0,True,home,0.6930305179022053,0.19519386891284232,0.11177561318495231,2.093655887805507,0.7088568514538043,2184.5107970889653,1848.1338231336947,336.3769739552706,CONMEBOL,OTHER,,0.6930305179022053,0.3666812433849311,0.14482469710342427,home,1
2018,2018-06-22,Nigeria,Iceland,2,0,True,home,0.35932668791360234,0.2805845709515183,0.3600887411348793,1.2240244287422304,1.2256092486248824,1732.9036115956897,1821.1470558713163,-88.24344427562664,OTHER,OTHER,,0.35932668791360234,1.023523310099248,0.6188538957679045,away,0
2018,2018-06-22,Serbia,Switzerland,1,2,True,away,0.15817561887200213,0.2251003961129891,0.6167239850150088,0.8331910623209162,1.8751198970321827,1809.1724474293912,1930.6342637751438,-121.4618163457526,OTHER,UEFA,,0.6167239850150088,0.48333370522434926,0.22259021839854065,away,1
2018,2018-06-23,Belgium,Tunisia,5,2,True,home,0.5434968485821037,0.25519082743326815,0.20131232398462803,1.6150159717262929,0.8806244278977965,1984.033257690863,1764.2867614593304,219.74649623153255,UEFA,CAF,,0.5434968485821037,0.6097313708146778,0.3140441374486387,home,1
2018,2018-06-23,South Korea,Mexico,1,2,True,away,0.36468808361361504,0.2889497087089214,0.3463622076774636,1.1831699952787553,1.1458729379828911,1784.8162260898848,1922.7250253401705,-137.9087992502857,AFC,CONCACAF,,0.3463622076774636,1.06027020848399,0.6437316960450208,home,0
2018,2018-06-23,Germany,Sweden,2,1,True,home,0.441313532831752,0.2683294376415723,0.29035702952667564,1.4482214965528677,1.126023073113112,2111.36320903737,1831.6800202044074,279.6831888329625,UEFA,UEFA,,0.441313532831752,0.8179996973446176,0.46843846029753505,home,1
2018,2018-06-24,England,Panama,6,1,True,home,0.62860974167527,0.22193288296676808,0.14945737535796189,1.8936884057164598,0.8022734266019769,1985.5917951843617,1769.7243530230123,215.86744216134935,UEFA,CONCACAF,,0.62860974167527,0.46424465732343384,0.2095224355693416,home,1
2018,2018-06-24,Japan,Senegal,2,2,True,draw,0.32740047302724523,0.29371689754122793,0.3788826294315268,1.0778419934541694,1.1813142385418025,1781.3223795317435,1853.8863932867505,-72.56401375500695,AFC,CAF,,0.29371689754122793,1.2251389090950273,0.7495789374421999,away,0
2018,2018-06-24,Poland,Colombia,0,3,True,away,0.15971628489654838,0.2303805739023952,0.6099031412010565,0.8135012732971407,1.8221728020007262,1873.491327882218,1986.086969166956,-112.5956412847379,OTHER,CONMEBOL,,0.6099031412010565,0.4944551193387404,0.23076005973755526,away,1
2018,2018-06-25,Russia,Uruguay,0,3,False,away,0.23939260613637894,0.26485102019602114,0.4957563736676,0.977467035890851,1.5222973990509703,1733.373020146242,1937.0551405587526,-203.68212041251059,OTHER,CONMEBOL,,0.4957563736676,0.7016706550484375,0.38171651746848967,away,1
2018,2018-06-25,Saudi Arabia,Egypt,2,1,True,home,0.3040524606153371,0.2912015145326541,0.40474602485200883,1.0349451247996062,1.238138946133634,1689.7769361292844,1745.9822107514979,-56.20527462221344,AFC,CAF,,0.3040524606153371,1.1905550246504188,0.7329606442751815,away,0
2018,2018-06-25,Spain,Morocco,2,2,True,draw,0.535627506603416,0.25774554413249173,0.20662694926409228,1.5926754854413696,0.8895487897171787,2087.2086711859165,1817.4583355217499,269.75033566416664,UEFA,CAF,,0.25774554413249173,1.3557824437903023,0.8805331992475489,home,0
2018,2018-06-25,Iran,Portugal,1,1,True,draw,0.2168249840483067,0.25879892763524864,0.5243760883164448,0.9247539998883413,1.5831586394486914,1881.9325746746674,2011.9701187599062,-130.03754408523878,AFC,UEFA,,0.25879892763524864,1.351703859968116,0.8713623853802617,away,0
2018,2018-06-26,Australia,Peru,0,2,True,away,0.4669078926124212,0.27474921102803856,0.25834289635954033,1.4239095998385063,0.9893245073745905,1827.462955948524,2001.622741579221,-174.1597856306969,AFC,OTHER,,0.25834289635954033,1.3534675208160927,0.8435453685246574,home,0
2018,2018-06-26,Denmark,France,0,0,True,draw,0.1381370588467966,0.21233039881898969,0.6495325423342138,0.7879477748069298,1.97500718071485,1881.254075632943,2025.4265925284817,-144.1725168955386,OTHER,UEFA,,0.21233039881898969,1.5496117324923149,1.0613977712026423,away,0
2018,2018-06-26,Nigeria,Argentina,1,2,True,away,0.12915737368295307,0.20969936286606783,0.6611432634509791,0.7470380628694103,1.981300893337113,1732.9036115956897,2043.3812431933395,-310.47763159764986,OTHER,CONMEBOL,,0.6611432634509791,0.4137847251698686,0.17547933786776534,away,1
2018,2018-06-26,Iceland,Croatia,1,2,True,away,0.14265402332522886,0.21498105058011563,0.6423649260946556,0.800503203638368,1.9558397867627906,1821.1470558713163,1901.4086261579578,-80.26157028664147,OTHER,UEFA,,0.6423649260946556,0.44259871607384715,0.19446986856668635,away,1
2018,2018-06-27,South Korea,Germany,2,0,True,home,0.20208549143000504,0.25323063457320166,0.5446838739967933,0.8937841395556126,1.6331596106108301,1784.8162260898848,2111.36320903737,-326.54698294748505,AFC,UEFA,,0.20208549143000504,1.5990644462143144,0.9974738398649976,away,0
2018,2018-06-27,Mexico,Sweden,0,3,True,away,0.2517725411995166,0.2667207568225647,0.4815067019779186,1.0107435666405478,1.4985237460850582,1922.7250253401705,1831.6800202044074,91.04500513576318,CONCACAF,UEFA,,0.4815067019779186,0.7308351288835689,0.4033646747158788,away,1
2018,2018-06-27,Serbia,Brazil,0,2,True,away,0.12859917171786278,0.20942020684013762,0.6619806214419997,0.7450273253078311,1.982901060833776,1809.1724474293912,2184.5107970889653,-375.3383496595741,OTHER,CONMEBOL,,0.6619806214419997,0.41251899621980814,0.1746516702802231,away,1
2018,2018-06-27,Switzerland,Costa Rica,2,2,True,draw,0.6458088821428094,0.21346413597770802,0.14072698187948257,1.968450014727398,0.7973332057137958,1930.6342637751438,1848.1338231336947,82.50044064144913,UEFA,OTHER,,0.21346413597770802,1.5442864417929572,1.0555118610767464,home,0
2018,2018-06-28,Japan,Poland,0,1,True,away,0.45372267412053985,0.27757152900382775,0.2687057968756325,1.3908429897042334,1.007078117537128,1781.3223795317435,1873.491327882218,-92.16894835047447,AFC,OTHER,,0.2687057968756325,1.3141381898098796,0.81770143024792,home,0
2018,2018-06-28,Senegal,Colombia,0,1,True,away,0.2510379390621817,0.2769358542219199,0.47202620671589846,0.9545725798210193,1.4116210154710398,1853.8863932867505,1986.086969166956,-132.2005758802054,CAF,CONMEBOL,,0.47202620671589846,0.7507207722347352,0.4184698405970153,away,1
2018,2018-06-28,Panama,Tunisia,1,2,True,away,0.28902351904150586,0.285848434195794,0.4251280467627002,1.0228848232287322,1.300553829357856,1769.7243530230123,1764.2867614593304,5.437591563681963,CONCACAF,CAF,,0.4251280467627002,0.8553648689349126,0.49572168451019105,away,1
2018,2018-06-28,England,Belgium,0,1,True,away,0.3664027587749216,0.27412576609391875,0.35947147513115957,1.2818005340451626,1.267135220079538,1985.5917951843617,1984.033257690863,1.5585374934987613,UEFA,UEFA,,0.35947147513115957,1.0231204509185787,0.6196727084451039,home,0
2018,2018-06-30,France,Argentina,4,3,True,home,0.36898871379616843,0.2783601462065442,0.35265113999728737,1.2582856225137673,1.2241114312732202,2025.4265925284817,2043.3812431933395,-17.95465066485781,UEFA,CONMEBOL,,0.36898871379616843,0.9969892213276114,0.6000224408541288,home,1
2018,2018-06-30,Uruguay,Portugal,2,1,True,home,0.33620104208382995,0.27751429244331227,0.3862846654728577,1.1919858482170191,1.2969122403937416,1937.0551405587526,2011.9701187599062,-74.91497820115364,CONMEBOL,UEFA,,0.33620104208382995,1.0900459584174524,0.6668590818203832,away,0
2018,2018-07-01,Russia,Spain,1,1,False,draw,0.20794202554444893,0.24968907019150513,0.542368904264046,0.9373028887943804,1.6680110836943887,1733.373020146242,2087.2086711859165,-353.83565103967453,OTHER,UEFA,,0.24968907019150513,1.3875388544145126,0.9003704056901983,away,0
2018,2018-07-01,Croatia,Denmark,1,1,True,draw,0.6070885227445402,0.22872460572505124,0.16418687153040853,1.8457909466459657,0.8455334915685069,1901.4086261579578,1881.254075632943,20.154550525014656,UEFA,OTHER,,0.22872460572505124,1.47523659421275,0.9903795370450686,home,0
2018,2018-07-02,Brazil,Mexico,2,0,True,home,0.5676044747123845,0.24727552409208856,0.185120001195527,1.6817887682035662,0.8504685963339796,2184.5107970889653,1922.7250253401705,261.7857717487948,CONMEBOL,CONCACAF,,0.5676044747123845,0.5663304501607557,0.2823804899464019,home,1
2018,2018-07-02,Belgium,Japan,3,2,True,home,0.5276051021263125,0.2580662301160849,0.21432866775760265,1.5899542221688236,0.9187124054825436,1984.033257690863,1781.3223795317435,202.71087815911937,UEFA,AFC,,0.5276051021263125,0.6394071877416259,0.33569189648616854,home,1
2018,2018-07-03,Sweden,Switzerland,1,0,True,home,0.336907366776964,0.2728584723371012,0.3902341608859349,1.2238886163421334,1.3370095388853696,1831.6800202044074,1930.6342637751438,-98.95424357073648,UEFA,UEFA,,0.336907366776964,1.087947262447864,0.6664262864831461,away,0
2018,2018-07-03,Colombia,England,1,1,True,draw,0.3360834728121396,0.27754619194307534,0.386370335244785,1.191504283059072,1.2968468486908706,1986.086969166956,1985.5917951843617,0.49517398259422407,CONMEBOL,UEFA,,0.27754619194307534,1.2817679021956287,0.7841736414305875,away,0
2018,2018-07-06,Uruguay,France,0,2,True,away,0.3216859463989339,0.2767041064554833,0.40160994714558285,1.1612802114355867,1.3288846804110594,1937.0551405587526,2025.4265925284817,-88.37145196972915,CONMEBOL,UEFA,,0.40160994714558285,0.9122739421225571,0.5381176659950174,away,1
2018,2018-07-06,Brazil,Belgium,1,2,True,away,0.39396609427909035,0.2773488454693857,0.32868506025152394,1.3115747660065842,1.1748229681789408,2184.5107970889653,1984.033257690863,200.4775393981024,CONMEBOL,UEFA,,0.32868506025152394,1.112655250359422,0.6827954138542225,home,0
2018,2018-07-07,Sweden,England,0,2,True,away,0.3055173460226566,0.2704220705887251,0.42406058338861835,1.157190540215497,1.4094480003538608,1831.6800202044074,1985.5917951843617,-153.91177497995432,UEFA,UEFA,,0.42406058338861835,0.8578789486068037,0.4981751565888797,away,1
2018,2018-07-07,Russia,Croatia,2,2,False,draw,0.24022174562058476,0.2605433196000522,0.49923493477936304,1.0042986094252258,1.561213936952571,1733.373020146242,1901.4086261579578,-168.0356060117158,OTHER,UEFA,,0.2605433196000522,1.3449861375639338,0.8537381893612663,away,0
2018,2018-07-10,France,Belgium,1,0,True,home,0.3781440039608164,0.27396822423082895,0.3478877718083547,1.3064542908343055,1.2424275804464548,2025.4265925284817,1984.033257690863,41.393334837618795,UEFA,UEFA,,0.3781440039608164,0.9724801930511721,0.5827893694718608,home,1
2018,2018-07-11,Croatia,England,2,1,True,home,0.33249212992133154,0.27306950329420504,0.39443836678446337,1.2116392627107524,1.3429280498581015,1901.4086261579578,1985.5917951843617,-84.1831690264039,UEFA,UEFA,,0.33249212992133154,1.1011390885758823,0.6757153354378993,away,0
2018,2018-07-14,Belgium,England,2,0,True,home,0.35947147513115957,0.2741257660939187,0.3664027587749216,1.267135220079538,1.2818005340451626,1984.033257690863,1985.5917951843617,-1.5585374934987613,UEFA,UEFA,,0.35947147513115957,1.0231204509185787,0.6196727084451039,away,0
2018,2018-07-15,France,Croatia,4,2,True,home,0.4058689327583607,0.27234222188347545,0.3217888453581638,1.367488748556551,1.1891159763683086,2025.4265925284817,1901.4086261579578,124.01796637052394,UEFA,UEFA,,0.4058689327583607,0.9017249972181672,0.5307100718790578,home,1
2022,2022-11-20,Qatar,Ecuador,0,2,False,away,0.3511194433672347,0.2890470850587468,0.3598334715740184,1.146995487035865,1.1646729659875885,1779.0925226884542,1901.1007125797123,-122.0081898912581,AFC,CONMEBOL,,0.3598334715740184,1.0221139335156946,0.6166462650084483,away,1
2022,2022-11-21,Senegal,Netherlands,0,2,True,away,0.23209476066383525,0.2656797417207526,0.5022254976154122,0.9388141060007344,1.5084357705793527,1811.6003311794648,2084.7718946089813,-273.1715634295165,CAF,UEFA,,0.5022254976154122,0.6887060617127468,0.3722331583126327,away,1
2022,2022-11-21,England,Iran,6,2,True,home,0.5231061523884403,0.2578031134377483,0.21909073417381136,1.5820095682697797,0.9308951159400807,1971.9413365040868,1895.623848602195,76.31748790189181,UEFA,AFC,,0.5231061523884403,0.6479708672745447,0.34189093698877376,home,1
2022,2022-11-21,United States,Wales,1,1,True,draw,0.5002616048081215,0.26125777945177175,0.23848061574010682,1.545266985161503,0.9855877530657936,1892.47700464731,1832.3442440194447,60.13276062786531,CONCACAF,OTHER,,0.26125777945177175,1.3422476983406415,0.8528747457495048,home,0
2022,2022-11-22,Argentina,Saudi Arabia,1,2,True,away,0.5738804912898096,0.24822763365741954,0.17789187505277096,1.658471073666546,0.8061301877631875,2192.4744193484207,1746.988346668097,445.4860726803238,CONMEBOL,AFC,,0.17789187505277096,1.7265793567823748,1.066817545498444,home,0
2022,2022-11-22,Mexico,Poland,0,0,True,draw,0.4766084771311193,0.2662896561435895,0.2571018667252913,1.4888216294988372,1.0229780901780043,1906.9920529812491,1861.5801610207227,45.41189196052642,CONCACAF,OTHER,,0.2662896561435895,1.3231706297871406,0.8315878790287663,home,0
2022,2022-11-22,Denmark,Tunisia,0,0,True,draw,0.2864851392985397,0.2837383510507595,0.42977650965070074,1.0188868322199736,1.3117150892576248,2015.7813813192213,1813.6313125615384,202.1500687576829,OTHER,CAF,,0.2837383510507595,1.2597027645948506,0.7798123330419275,away,0
2022,2022-11-22,France,Australia,4,1,True,home,0.5514746455504788,0.249730968884054,0.19879438556546714,1.6547424483300242,0.890101100519489,2044.329457568419,1828.3957655278282,215.9336920405908,UEFA,AFC,,0.5514746455504788,0.5951594149619379,0.30305975813618863,home,1
2022,2022-11-23,Germany,Japan,1,2,True,away,0.5060917608181558,0.2621257834717612,0.2317824557100831,1.5399728644307247,0.956245003077471,2013.616121037273,1892.2740809760562,121.34204006121672,UEFA,AFC,,0.2317824557100831,1.4619560381277772,0.9149969920835364,home,0
2022,2022-11-23,Spain,Costa Rica,7,0,True,home,0.7100645489298529,0.18351514195394722,0.10642030911619985,2.20695451573369,0.7269915575514098,2096.819415104782,1863.7827011176273,233.0367139871546,UEFA,OTHER,,0.7100645489298529,0.34239939909349354,0.12906565530601458,home,1
2022,2022-11-23,Morocco,Croatia,0,0,True,draw,0.2548081437351816,0.2721023385478817,0.4730895177169366,0.9837166510866192,1.4397531583106125,1855.9044568197494,1973.463383813868,-117.55892699411856,CAF,UEFA,,0.2721023385478817,1.301577038787084,0.8185758874348753,away,0
2022,2022-11-23,Belgium,Canada,1,0,True,home,0.5349350488674242,0.24885815393773927,0.2162067971948366,1.6668924644449072,0.9684460131199271,2062.2031307989187,1893.9585915448636,168.2445392540551,UEFA,CONCACAF,,0.5349350488674242,0.625609943442314,0.32496116870649394,home,1
2022,2022-11-24,Switzerland,Cameroon,1,0,True,home,0.6463810684814493,0.21148140693405332,0.14213752458449733,1.9829749290163494,0.8089854942072289,1962.0751126962678,1715.3106704481297,246.76444224813804,UEFA,OTHER,,0.6463810684814493,0.4363660598256625,0.1899738101021367,home,1
2022,2022-11-24,Brazil,Serbia,2,0,True,home,0.6596676970384014,0.2104061614254064,0.12992614153619206,1.9642524136594592,0.7407553790393576,2227.631919740991,1946.8507651587208,280.78115458227035,CONMEBOL,OTHER,,0.6596676970384014,0.41601906009073797,0.1769776314594021,home,1
2022,2022-11-24,Uruguay,South Korea,0,0,True,draw,0.48707111208603887,0.2732262323472366,0.23970265556672454,1.4406761819169827,0.9276283858503226,2002.0173866457408,1883.7895053915108,118.22788125422994,CONMEBOL,AFC,,0.2732262323472366,1.297455137054472,0.8228957406626635,home,0
2022,2022-11-24,Portugal,Ghana,3,2,True,home,0.5244259886873522,0.25997096510481854,0.2156030462078292,1.562836879976296,0.9061273579755382,2053.05006800776,1677.0220140858144,376.02805392194546,UEFA,CAF,,0.5244259886873522,0.6454509694202274,0.3402402164676286,home,1
2022,2022-11-25,Qatar,Senegal,1,3,False,away,0.43487680775500936,0.2896975310951792,0.2754256611498115,1.2790969238478596,0.9585533634037929,1779.0925226884542,1811.6003311794648,-32.507808491010564,AFC,CAF,,0.2754256611498115,1.2894375192875762,0.7980504699660176,home,0
2022,2022-11-25,Netherlands,Ecuador,1,1,True,draw,0.4171635347667101,0.2742143428998069,0.3086221223334831,1.3613957389860254,1.1333603007383604,2084.7718946089813,1901.1007125797123,183.67118202926895,UEFA,CONMEBOL,,0.2742143428998069,1.2938452050534324,0.7960378491850386,home,0
2022,2022-11-25,Wales,Iran,0,2,True,away,0.24198354920115023,0.27035353106958154,0.4876629197292683,0.9497382067606932,1.463347641687407,1832.3442440194447,1895.623848602195,-63.27960458275038,OTHER,AFC,,0.4876629197292683,0.7181308500582695,0.3941363536661148,away,1
2022,2022-11-25,England,United States,0,0,True,draw,0.5251700172095615,0.2514427137102028,0.22338726908023565,1.6417017719133213,0.9830214476965102,1971.9413365040868,1892.47700464731,79.46433185677688,UEFA,CONCACAF,,0.2514427137102028,1.3805400938760621,0.886043429820562,home,0
2022,2022-11-26,Poland,Saudi Arabia,2,0,True,home,0.2987653857576408,0.28202113646280447,0.41921347777955476,1.0616788053968373,1.3093628599165823,1861.5801610207227,1746.988346668097,114.59181435262576,OTHER,AFC,,0.2987653857576408,1.208096676618533,0.7470058455754314,away,0
2022,2022-11-26,Argentina,Mexico,2,0,True,home,0.5457700845141207,0.25177588253177713,0.20245403295410214,1.6366075599806342,0.8950027490559797,2192.4744193484207,1906.9920529812491,285.4823663671716,CONMEBOL,CONCACAF,,0.5457700845141207,0.6055574825542682,0.31070354660634497,home,1
2022,2022-11-26,Tunisia,Australia,0,1,True,away,0.3570823864090123,0.2963209536668755,0.3465966599241122,1.1184843103707143,1.0975902431640538,1813.6313125615384,1828.3957655278282,-14.76445296628981,CAF,AFC,,0.3465966599241122,1.0595935384345654,0.6422498630879281,home,0
2022,2022-11-26,France,Denmark,2,1,True,home,0.6337688454907247,0.21651113697845248,0.14972001753082292,1.9425829941338915,0.8254399670265309,2044.329457568419,2015.7813813192213,28.54807624919772,UEFA,OTHER,,0.6337688454907247,0.4560709880443481,0.20341841461832885,home,1
2022,2022-11-27,Japan,Costa Rica,0,1,True,away,0.5382739422161612,0.2572314900582346,0.20449456772560431,1.58723164310801,0.875845645966537,1892.2740809760562,1863.7827011176273,28.4913798584289,AFC,OTHER,,0.20449456772560431,1.587213867541078,0.9887357691245802,home,0
2022,2022-11-27,Spain,Germany,1,1,True,draw,0.381098580252613,0.2691365944349724,0.34976482531241465,1.3375909165667987,1.2706144732318279,2096.819415104782,2013.616121037273,83.20329406750898,UEFA,UEFA,,0.2691365944349724,1.312536242256369,0.8017328784904912,home,0
2022,2022-11-27,Belgium,Morocco,0,2,True,away,0.4937984171390147,0.2676645063844635,0.23853707647652186,1.488272402513422,0.9515575239615408,2062.2031307989187,1855.9044568197494,206.29867397916928,UEFA,CAF,,0.23853707647652186,1.4332305238112968,0.8953069486479572,home,0
2022,2022-11-27,Croatia,Canada,4,1,True,home,0.5124570085495734,0.25456930691518626,0.23297368453524037,1.6099421608551312,1.002797659112947,1973.463383813868,1893.9585915448636,79.50479226900438,UEFA,CONCACAF,,0.5124570085495734,0.6685384572451106,0.35678043822163474,home,1
2022,2022-11-28,Cameroon,Serbia,3,3,True,draw,0.3185996328685581,0.27686124274430945,0.40453912438713246,1.1436358049474544,1.3231549330844226,1715.3106704481297,1946.8507651587208,-231.54009471059112,OTHER,OTHER,,0.27686124274430945,1.2842388270224099,0.7880872914691924,away,0
2022,2022-11-28,Brazil,Switzerland,1,0,True,home,0.43012220290101494,0.27278885645454043,0.29708894064444463,1.389877968283248,1.1098261467481998,2227.631919740991,1962.0751126962678,265.5568070447234,CONMEBOL,UEFA,,0.43012220290101494,0.8436859178765934,0.48743630248540615,home,1
2022,2022-11-28,South Korea,Ghana,2,3,True,away,0.3740028394795807,0.2958850234614688,0.3301121370589506,1.1523094033292987,1.0648051904402884,1883.7895053915108,1677.0220140858144,206.76749130569647,AFC,CAF,,0.3301121370589506,1.1083228729741577,0.6761758199633091,home,0
2022,2022-11-28,Portugal,Uruguay,2,0,True,home,0.3805810295443232,0.27676953824278683,0.34264943221288985,1.2822781517571975,1.2028785822746937,2053.05006800776,2002.0173866457408,51.03268136201905,UEFA,CONMEBOL,,0.3805810295443232,0.9660561689137557,0.5776898716553117,home,1
2022,2022-11-29,Ecuador,Senegal,1,2,True,away,0.44306390409016294,0.2847250923404787,0.27221100356935846,1.3206989002572633,0.9733275307284824,1901.1007125797123,1811.6003311794648,89.50038140024753,CONMEBOL,CAF,,0.27221100356935846,1.301177765006663,0.8070508246414316,home,0
2022,2022-11-29,Qatar,Netherlands,0,2,False,away,0.30885891002861193,0.2782731853774798,0.41286790459390826,1.1098177920921002,1.326043057734812,1779.0925226884542,2084.7718946089813,-305.67937192052705,AFC,UEFA,,0.41286790459390826,0.8846275807802624,0.5175538894601395,away,1
2022,2022-11-29,Wales,England,0,3,True,away,0.1308485323581378,0.20350145680725185,0.6656500108346104,0.7836246374920728,2.0464809906033468,1832.3442440194447,1971.9413365040868,-139.5970924846422,OTHER,UEFA,,0.6656500108346104,0.40699125582747336,0.17032409659784858,away,1
2022,2022-11-29,Iran,United States,0,1,True,away,0.352402673809311,0.2851682419618588,0.36242908422883024,1.1723977407994106,1.192938107700852,1895.623848602195,1892.47700464731,3.146843954885071,AFC,CONCACAF,,0.36242908422883024,1.0149264535389677,0.612005243368857,away,1
2022,2022-11-30,Poland,Argentina,0,2,True,away,0.13127692464758883,0.21142037252844195,0.6573027028239693,0.7437782121388605,1.9565534436589302,1861.5801610207227,2192.4744193484207,-330.894258327698,OTHER,CONMEBOL,,0.6573027028239693,0.4196106317113707,0.17937364235675057,away,1
2022,2022-11-30,Saudi Arabia,Mexico,1,2,True,away,0.31174098138730433,0.28293976092159984,0.40531925769109595,1.090635203401682,1.2829431392170394,1746.988346668097,1906.9920529812491,-160.00370631315218,AFC,CONCACAF,,0.40531925769109595,0.9030802318181452,0.5308825330597609,away,1
2022,2022-11-30,Australia,Denmark,1,0,True,home,0.4259088579195158,0.2812305824538306,0.2928605596266537,1.3237554528548099,1.0498660644569153,1828.3957655278282,2015.7813813192213,-187.3856157913931,AFC,OTHER,,0.4259088579195158,0.8535299041487592,0.49443858730743223,home,1
2022,2022-11-30,Tunisia,France,1,0,True,home,0.20355472217421597,0.2551811819111618,0.5412640959146223,0.8822150464895794,1.6055324558729374,1813.6313125615384,2044.329457568419,-230.69814500688062,CAF,UEFA,,0.20355472217421597,1.5918204052149634,0.9924093376988412,away,0
2022,2022-12-01,Japan,Spain,2,1,True,home,0.22139254912059148,0.25863399819872945,0.5199734526806791,0.9354624075358549,1.5741385973835018,1892.2740809760562,2096.819415104782,-204.5453341287257,AFC,UEFA,,0.22139254912059148,1.507817912749088,0.9434934990818573,away,0
2022,2022-12-01,Costa Rica,Germany,2,4,True,away,0.11280005818579619,0.18910090176395747,0.6980990400502464,0.7422024807878652,2.161788927410305,1863.7827011176273,2013.616121037273,-149.83341991964562,OTHER,UEFA,,0.6980990400502464,0.35939429509590254,0.13962719379324362,away,1
2022,2022-12-01,Croatia,Belgium,0,0,True,draw,0.3429615976358793,0.26886480178533,0.38817360057879063,1.256403302462337,1.3530854761856694,1973.463383813868,2062.2031307989187,-88.73974698505072,UEFA,UEFA,,0.26886480178533,1.313546621317367,0.8028600797076619,away,0
2022,2022-12-01,Canada,Morocco,1,2,True,away,0.33011566500919176,0.2878020634398358,0.3820822715509724,1.1080621612972845,1.2137315328351208,1893.9585915448636,1855.9044568197494,38.05413472511418,CONCACAF,CAF,,0.3820822715509724,0.9621193230121861,0.5736286991362943,away,1
2022,2022-12-02,Serbia,Switzerland,2,3,True,away,0.16985563742777393,0.22839378301651686,0.6017505795557093,0.8688986245632327,1.8459986263784425,1946.8507651587208,1962.0751126962678,-15.224347537546919,OTHER,UEFA,,0.6017505795557093,0.5079122392023289,0.2396172585708046,away,1
2022,2022-12-02,Cameroon,Brazil,1,0,True,home,0.11639506604176177,0.19948652141064838,0.6841184125475899,0.7106306215657884,2.047791171056992,1715.3106704481297,2227.631919740991,-512.3212492928615,OTHER,CONMEBOL,,0.11639506604176177,2.1507651325405677,1.288570553926498,away,0
2022,2022-12-02,Ghana,Uruguay,0,2,True,away,0.22629197686872798,0.2725603603361233,0.5011476627951488,0.8845347600198366,1.452992082006745,1677.0220140858144,2002.0173866457408,-324.9953725599264,CAF,CONMEBOL,,0.5011476627951488,0.6908544852053679,0.37435086315645694,away,1
2022,2022-12-02,South Korea,Portugal,2,1,True,home,0.22612100976735242,0.26026912639555283,0.5136098638370947,0.9449175108337149,1.558372410938307,1883.7895053915108,2053.05006800776,-169.260562616249,AFC,UEFA,,0.22612100976735242,1.4866849815590122,0.9304238019089655,away,0
2022,2022-12-03,Netherlands,United States,3,1,True,home,0.5269488837057971,0.25097573261864864,0.2220753836755543,1.646314857829261,0.9804043743843626,2084.7718946089813,1892.47700464731,192.2948899616713,UEFA,CONCACAF,,0.5269488837057971,0.6406517300107412,0.3360836530253036,home,1
2022,2022-12-03,Argentina,Australia,2,1,True,home,0.5490174379247466,0.25642013529374014,0.19456242678151342,1.5927121989200057,0.8392346423905874,2192.4744193484207,1828.3957655278282,364.07865382059254,CONMEBOL,AFC,,0.5490174379247466,0.5996250749082869,0.3069910949951316,home,1
2022,2022-12-04,France,Poland,3,1,True,home,0.6599812963319375,0.20589944452427153,0.13411925914379114,2.027363574878665,0.7909564370794289,2044.329457568419,1861.5801610207227,182.7492965476963,UEFA,OTHER,,0.6599812963319375,0.4155437832542236,0.17599527577279267,home,1
2022,2022-12-04,England,Senegal,3,0,True,home,0.503482814426608,0.26538415282778755,0.23113303274560443,1.5113892260725152,0.9368482056374664,1971.9413365040868,1811.6003311794648,160.34100532462207,UEFA,CAF,,0.503482814426608,0.6862056996272728,0.37038054296802536,home,1
2022,2022-12-05,Japan,Croatia,1,1,True,draw,0.2492657961081194,0.2672190224841039,0.4835151814077768,0.9911715681689561,1.485955593420534,1892.2740809760562,1973.463383813868,-81.18930283781174,AFC,UEFA,,0.2672190224841039,1.3196866479221452,0.8328883287703621,away,0
2022,2022-12-05,Brazil,South Korea,4,1,True,home,0.530503773728252,0.2620147307228936,0.2074814955488545,1.545483517384669,0.8645458025365058,2227.631919740991,1883.7895053915108,343.84241434948035,CONMEBOL,AFC,,0.530503773728252,0.6339282074222938,0.3321269965943922,home,1
2022,2022-12-06,Morocco,Spain,0,0,True,draw,0.22792372944769054,0.26432870488890325,0.5077475656634062,0.9305269927888978,1.5217514611523404,1855.9044568197494,2096.819415104782,-240.91495828503253,CAF,UEFA,,0.26432870488890325,1.3305618560467443,0.8509690713328975,away,0
2022,2022-12-06,Portugal,Switzerland,6,1,True,home,0.4055791658523937,0.26787495853923166,0.3265458756083746,1.3912012313219027,1.2219528076185322,2053.05006800776,1962.0751126962678,90.97495531149207,UEFA,UEFA,,0.4055791658523937,0.9024391942660872,0.5317253303579712,home,1
2022,2022-12-09,Croatia,Brazil,1,1,True,draw,0.3045723720243437,0.2737711155205158,0.4216565124551405,1.1249545654790813,1.3710840730843397,1973.463383813868,2227.631919740991,-254.16853592712323,UEFA,CONMEBOL,,0.2737711155205158,1.2954628665046064,0.7979669369486833,away,0
2022,2022-12-09,Netherlands,Argentina,2,2,True,draw,0.3406544126389217,0.2766917101637306,0.3826538771973477,1.1987476776658914,1.2866717307720008,2084.7718946089813,2192.4744193484207,-107.70252473943947,UEFA,CONMEBOL,,0.2766917101637306,1.2848513522920837,0.7856443007304004,away,0
2022,2022-12-10,Morocco,Portugal,1,0,True,home,0.23197603440347803,0.26564831327401855,0.5023756523225035,0.9385462949799513,1.5087570322420214,1855.9044568197494,2053.05006800776,-197.14561118801043,CAF,UEFA,,0.23197603440347803,1.4611212126366466,0.9128111341223996,away,0
2022,2022-12-10,England,France,1,2,True,away,0.35625952140480355,0.2692998828896233,0.37444059570557314,1.284310881427908,1.3231635696402726,1971.9413365040868,2044.329457568419,-72.38812106433215,UEFA,UEFA,,0.37444059570557314,0.9823221115558838,0.5907678418171426,away,1
2022,2022-12-13,Argentina,Croatia,3,0,True,home,0.4077012713171368,0.2751116142968151,0.3171871143860481,1.3405845116054258,1.1506700002344994,2192.4744193484207,1973.463383813868,219.01103553455278,CONMEBOL,UEFA,,0.4077012713171368,0.8972205508955738,0.5271118498528834,home,1
2022,2022-12-14,France,Morocco,2,0,True,home,0.5053764550170743,0.2649187164073621,0.22970482857556357,1.5159815375937709,0.9340352937832013,2044.329457568419,1855.9044568197494,188.42500074866962,UEFA,CAF,,0.5053764550170743,0.682451671941351,0.36759868582532973,home,1
2022,2022-12-17,Croatia,Morocco,2,1,True,home,0.4730895177169366,0.27210233854788174,0.2548081437351817,1.4397531583106125,0.9837166510866192,1973.463383813868,1855.9044568197494,117.55892699411856,UEFA,CAF,,0.4730895177169366,0.7484706531812024,0.4166015290967656,home,1
2022,2022-12-18,Argentina,France,3,3,True,draw,0.37686603926791346,0.2769029097163321,0.3462310510157544,1.2743285750647946,1.2102154779444525,2192.4744193484207,2044.329457568419,148.14496178000172,CONMEBOL,UEFA,,0.2769029097163321,1.2840883406757724,0.7847733542176655,home,0
